<?xml version="1.0" encoding="UTF-8" standalone="yes"?>
<addon id="plugin.video.mykodibuildwizard" name="Docks Media Center" version="1.0.1" provider-name="Docks Media Center">
  <requires>
    <import addon="xbmc.python" version="2.1.0"/>
  </requires>
  <extension point="xbmc.python.pluginsource" library="default.py">
        <provides>video executable</provides>
  </extension>
  <extension point="xbmc.addon.metadata">
    <summary lang="en">Docks Media Center</summary>
    <description lang="en">Easy Install With wizard</description>
    <platform>all</platform>
  </extension>
</addon>
